TimeStamp/Wavelength,1750,1752,1754,1756,1758,1760,1762,1764,1766,1768,1770,1772,1774,1776,1778,1780,1782,1784,1786,1788,1790,1792,1794,1796,1798,1800,1802,1804,1806,1808,1810,1812,1814,1816,1818,1820,1822,1824,1826,1828,1830,1832,1834,1836,1838,1840,1842,1844,1846,1848,1850,1852,1854,1856,1858,1860,1862,1864,1866,1868,1870,1872,1874,1876,1878,1880,1882,1884,1886,1888,1890,1892,1894,1896,1898,1900,1902,1904,1906,1908,1910,1912,1914,1916,1918,1920,1922,1924,1926,1928,1930,1932,1934,1936,1938,1940,1942,1944,1946,1948,1950,1952,1954,1956,1958,1960,1962,1964,1966,1968,1970,1972,1974,1976,1978,1980,1982,1984,1986,1988,1990,1992,1994,1996,1998,2000,2002,2004,2006,2008,2010,2012,2014,2016,2018,2020,2022,2024,2026,2028,2030,2032,2034,2036,2038,2040,2042,2044,2046,2048,2050,2052,2054,2056,2058,2060,2062,2064,2066,2068,2070,2072,2074,2076,2078,2080,2082,2084,2086,2088,2090,2092,2094,2096,2098,2100,2102,2104,2106,2108,2110,2112,2114,2116,2118,2120,2122,2124,2126,2128,2130,2132,2134,2136,2138,2140,2142,2144,2146,2148,2150
02.06.2026 11:21:57,1792.7,1793.96,1790,1793.12,1789.75,1787.98,1790.61,1791.93,1789.84,1791.07,1789.96,1788.98,1787.59,1789.36,1786.82,1786.84,1783.98,1785.62,1786.57,1784.29,1783.61,1782.28,1781.18,1780.37,1781.27,1784.95,1779.03,1778.98,1778.96,1776.93,1779.45,1777.33,1773.76,1776.12,1772.95,1775.88,1774.77,1772.69,1771.18,1767.61,1765.86,1763.8,1765.98,1764.5,1759.24,1758.2,1755.79,1752.73,1748.22,1745.61,1745.22,1745.45,1741.45,1740.93,1734.5,1730.85,1725.63,1724.84,1718.63,1719.28,1713.47,1709.35,1707.44,1699.33,1697.17,1693.19,1690.43,1691.9,1688.37,1683.62,1681.43,1681.82,1675.7,1677.68,1672.26,1670.44,1670.23,1668.05,1666.07,1668.1,1664.33,1664.71,1659.69,1661.72,1663.08,1661.38,1660.41,1660.75,1658.21,1657.57,1658.57,1657.65,1657.51,1655.55,1654.26,1656.23,1657.81,1656.19,1654.42,1655.91,1653.8,1655.26,1657.81,1655.11,1659.53,1654.02,1659.24,1657.6,1658.48,1657.22,1658.24,1655.73,1658.14,1657.07,1656.39,1658.97,1657.63,1659.24,1656.26,1655.7,1659.51,1659.36,1661.09,1660.82,1658.76,1660.64,1659.17,1663.04,1663.08,1662,1665.67,1663.71,1658.79,1662.94,1666.37,1665.49,1668.07,1667.71,1667.18,1667.87,1669.05,1669.42,1670.47,1670.63,1673.53,1670.74,1676.83,1671.34,1674.18,1678.11,1675.97,1674.8,1677.24,1678.57,1679.68,1677.22,1679.65,1680.9,1681.09,1685.45,1687.82,1683.98,1686.45,1685.08,1689.8,1691.3,1689.75,1688.63,1689.2,1696.21,1696.19,1695.13,1698.33,1699.01,1698.4,1701.32,1700.76,1704.14,1703.96,1702.44,1706.04,1704.06,1708.38,1708.03,1708.57,1708.67,1708.3,1714.79,1712.74,1715.14,1713.7,1716.85,1720.17,1718.41,1715.35,1719.36,1717.78,1718.59,1720.32,1722.32,1722.62
02.06.2026 11:21:58,1792.58,1793.52,1792.12,1791.38,1787.1,1789.9,1791.08,1789.41,1789.6,1788.01,1785.95,1787.13,1787.41,1787.43,1785.68,1787.84,1784.72,1785.62,1784.56,1783.75,1782.63,1785.65,1780.1,1784.64,1779.19,1779,1782.83,1779.47,1780.8,1779.16,1777.77,1778.52,1778.25,1774.67,1773.24,1772.63,1771.06,1772.4,1767.63,1765.29,1770.45,1769.43,1764,1765.75,1761.31,1759.03,1755.07,1753.37,1751.82,1748.9,1746.08,1740.89,1740.22,1736.26,1731.53,1728.8,1725.24,1720.75,1721.22,1716.39,1711.77,1709.6,1706.18,1702.66,1698.6,1691.39,1688.06,1690.43,1685.56,1681.56,1678.89,1681.21,1675.63,1672.15,1672.55,1670.14,1669.25,1664.57,1664.59,1665.23,1661.82,1663.56,1664.29,1659.15,1661.91,1661.04,1658.86,1659.61,1658.56,1655.73,1657.69,1653.21,1656.17,1654.07,1655.9,1658.66,1655.3,1653.54,1653.2,1655.22,1654.05,1654.25,1657.1,1654.7,1656.5,1656.71,1655.99,1654.88,1656.86,1655.57,1657.32,1655.95,1657.9,1653.89,1654.34,1656.15,1657.7,1658.65,1656.67,1657.23,1659.46,1661.98,1658.71,1660.55,1661.43,1657.49,1659.96,1659,1661.71,1662.1,1662.57,1664.1,1664.07,1664.99,1663.49,1665.62,1662.76,1668.58,1665.71,1664.43,1666.58,1668.25,1669.25,1670.8,1672.25,1670.82,1672.13,1673.43,1672.6,1673.79,1676.26,1676.63,1676.02,1679.01,1676.94,1680.78,1679.13,1681.81,1679.77,1680.93,1685.86,1685.99,1685.46,1684.23,1687.61,1689.22,1692.18,1690.9,1691.49,1692.74,1694.02,1696.66,1696.43,1699.03,1700.38,1700.77,1702.55,1701.25,1701.74,1705.76,1705.03,1704.97,1707.78,1707.11,1705.7,1710.34,1711.08,1709.67,1713.44,1712.88,1715.52,1712.82,1713.55,1715.85,1717.16,1718.39,1719.27,1717.05,1719.62,1724.64,1723.31
02.06.2026 11:21:59,1792.62,1791.03,1790.68,1792.31,1792.45,1790.56,1790.4,1792.72,1787.66,1786.05,1789.55,1789.34,1785.17,1784.12,1785.75,1784.64,1783.19,1785.01,1786.82,1783.69,1780.87,1780.84,1783.38,1779.26,1781.08,1778.45,1780.11,1781.07,1778.43,1774.72,1776.52,1778.78,1775.69,1773.87,1772.75,1775.05,1772.12,1769.95,1766.16,1765.89,1762.83,1764,1763.89,1756.1,1757.66,1754.57,1755.45,1753.01,1752.27,1748,1748.11,1743.7,1740.23,1735.11,1732.78,1732.53,1726.52,1723.97,1715.64,1717.43,1712.68,1706.67,1706.03,1702.84,1700.31,1691.78,1691.39,1689.1,1683.38,1679.08,1679.07,1678.96,1676.92,1673.84,1670.87,1671.95,1667.01,1668.45,1667.14,1666.84,1664.43,1665.98,1662.49,1662.98,1659.41,1659.26,1658.06,1655,1659.81,1657.45,1657.54,1657.92,1656.66,1656.57,1655.29,1656.74,1655.65,1655.07,1652.82,1653.51,1654.95,1655.15,1652.41,1652.91,1656.12,1655.33,1656.94,1654.04,1656.24,1656.85,1655.47,1658.53,1658.04,1655.72,1657.82,1655.68,1657.32,1660.81,1659.58,1657.37,1660.22,1659.61,1660.85,1662.19,1659.14,1661.14,1663.14,1661.32,1660.6,1662.44,1659.68,1662.88,1666.41,1664.28,1663.26,1664.09,1667.51,1664.34,1668.43,1667.62,1667.35,1668.3,1670.85,1672.51,1669.67,1674.65,1674.48,1672.5,1673.66,1672.35,1675.62,1678.17,1674.15,1676.49,1677.84,1679.98,1679.89,1681.21,1684.52,1682.3,1684.48,1686.16,1687.99,1692.19,1686.66,1688.49,1692.52,1694.27,1692.57,1693.9,1697.12,1693.14,1697.28,1692.7,1697.74,1699.27,1701.57,1702.03,1700.07,1708.3,1705.07,1703.23,1701.99,1709.58,1707.17,1706,1711.33,1712.54,1712.88,1710.74,1713.77,1715.99,1716.35,1717.75,1717.49,1720.01,1722.97,1719.73,1717.98,1722.3,1720.27
02.06.2026 11:22:00,1791.75,1791.21,1791.81,1792.11,1792.31,1790.29,1788.69,1789.74,1788.17,1790.26,1787.85,1784.85,1786.14,1788.05,1785.64,1787.35,1784.61,1783.79,1784.99,1784.16,1780.96,1780.14,1785.07,1777.67,1782.67,1779.72,1780.5,1779.02,1776.92,1778.42,1777.99,1774.08,1771.59,1773.51,1774.38,1769.18,1774.35,1768.71,1771.66,1766.35,1766.01,1763.27,1763.59,1762.48,1757.36,1755.67,1753.87,1754.04,1749.88,1748.71,1745.34,1740.64,1741.56,1734.24,1734.96,1730.85,1729.15,1726.1,1717.46,1715.07,1710.81,1705.53,1701.93,1700.39,1695.56,1693.82,1689.04,1685.94,1686.49,1681.74,1683.77,1679.55,1675.42,1675.72,1673.6,1673.16,1665.33,1668.65,1664.04,1663.99,1662.33,1665.17,1660.08,1660.79,1659,1654.2,1658.7,1660.15,1657.4,1658.17,1658.32,1659.65,1656.39,1656.08,1656.44,1656.84,1654.34,1656.64,1655.72,1658.15,1653.55,1653.56,1655.78,1654.68,1653.3,1657.26,1653.79,1654.08,1651.92,1656.68,1654.19,1654.4,1654.19,1654.48,1657.17,1654.32,1656.64,1657.02,1660.12,1654.91,1659.66,1661.99,1659.82,1661.34,1658.11,1657.48,1660.93,1661.71,1661.96,1664.85,1662.49,1660.63,1663.87,1663.51,1664.36,1664.89,1663.07,1664.05,1667.87,1668.25,1667.95,1668.48,1668.89,1666.95,1671.57,1671.11,1669.77,1673.19,1673.3,1671.98,1674.78,1676.32,1674.69,1677.82,1680.87,1678.42,1679.18,1681.85,1682.7,1680.29,1687.79,1687.44,1686.65,1684.92,1689.44,1692.32,1688.5,1692.13,1692.02,1689.44,1696.97,1693.64,1698.12,1692.27,1701.6,1699.03,1702.44,1702.85,1703.1,1706.09,1704.89,1705.69,1704.86,1706.36,1705.83,1707.75,1709.97,1712.61,1715.76,1714.12,1714.93,1717.4,1713.64,1716.59,1718.02,1719.98,1719.04,1719.99,1718.27,1723.8,1721.3
02.06.2026 11:22:01,1790.07,1791.49,1790.59,1793.27,1789.59,1789.73,1791.78,1792.77,1786.85,1785.78,1784.43,1787.58,1783.36,1783.92,1787.58,1781.24,1780.55,1783.53,1783.35,1782.9,1782.1,1782.38,1778.87,1781.09,1781.6,1780.3,1777.84,1778.87,1778.33,1778.23,1778.59,1775.87,1777.88,1772.05,1772.75,1771.54,1766.56,1769.82,1769.82,1768.54,1764.88,1763,1760.91,1762.95,1760.55,1757.58,1754.84,1751.81,1749.38,1744.84,1746.93,1744.32,1738.17,1740.03,1732.57,1730.01,1727.43,1723.61,1719.78,1715.68,1712.33,1710.43,1703.89,1702.84,1698.08,1693.26,1691.36,1690.6,1683.66,1681.61,1679.79,1677.2,1677.84,1674.96,1672.67,1673.07,1669.22,1668.24,1667.45,1665.23,1662.85,1663.86,1660.83,1660.7,1661.65,1658.68,1658.91,1655.58,1658.55,1660.01,1655.95,1655.64,1655.16,1657.32,1657.82,1655.72,1653.53,1654.2,1656.96,1658.26,1654.4,1655.23,1653.22,1656.38,1653.98,1654.59,1656.52,1657.36,1657.37,1656.19,1651.73,1656.92,1653.76,1657.37,1655.33,1653.95,1655.82,1661.26,1656.74,1656.84,1659.28,1658.1,1660.98,1659.36,1657.18,1658.74,1658.3,1659.52,1663,1663.34,1662.28,1660.66,1661.58,1662.1,1664.11,1669.03,1664.28,1664.75,1669.11,1666.49,1668.63,1667.68,1666.14,1669.59,1669.12,1670.61,1673.9,1672.56,1674.91,1672.53,1674.69,1679.43,1673.76,1676.89,1675.39,1676.22,1677.89,1679.86,1683.8,1681.81,1682.74,1686.78,1685.92,1686.68,1686.93,1690.61,1689.37,1693.14,1693.27,1691.54,1691.47,1694.74,1695.99,1699.82,1695.26,1700.02,1701,1698.61,1702.89,1701.24,1702.66,1703.61,1706.34,1708.36,1708.21,1711.07,1709.67,1712.32,1712.36,1716.32,1713.71,1715.08,1716.37,1718.49,1719,1717.17,1719.02,1723.26,1721.06,1720.1,1720.35
02.06.2026 11:22:02,1791.4,1794.89,1787.91,1788.95,1792.99,1790.83,1792.3,1787.42,1789.13,1786.78,1784.52,1787.08,1784.93,1786.11,1787.8,1784.25,1784.3,1784.38,1787.79,1782.28,1784.87,1781.62,1783.71,1782.42,1781.42,1780.77,1779.81,1778.75,1777.75,1778.57,1776.84,1777.69,1775.66,1776,1770.57,1770.72,1768.12,1770.71,1770.64,1766.66,1767.06,1763.68,1761.79,1761.02,1760.69,1759.71,1753.67,1752.03,1751.36,1749.53,1745.08,1743.27,1738.95,1738.86,1731.52,1730.33,1728.92,1722.61,1718.22,1714.26,1713.51,1708.22,1701.35,1703.13,1698.74,1692.4,1691.14,1688.66,1685.59,1682.31,1676.96,1679.23,1678.93,1673.33,1671.44,1670.89,1667.24,1668.55,1667.7,1664.43,1664.97,1663.9,1662.6,1659.66,1660.8,1659.8,1660.14,1657.31,1653.36,1656.16,1655.65,1658.31,1658.19,1656.68,1657.75,1658.35,1657.55,1659.58,1654.04,1654.66,1653.78,1657.63,1655.52,1654.45,1655.73,1653.72,1652.72,1657.25,1656.88,1657.32,1654.84,1656.6,1654.14,1655.55,1656.39,1658.91,1658.19,1656.56,1657.63,1656.81,1656.42,1659.38,1659.36,1657.72,1657.26,1656.77,1661.82,1660.36,1663.87,1662.9,1661.01,1664.45,1663.25,1667.98,1662.04,1664.98,1668.12,1667.33,1666.51,1667.18,1666,1672.94,1670.68,1669.71,1671.62,1669.37,1669.45,1672.84,1672.85,1673.56,1675.2,1678.85,1673.57,1677.06,1674.8,1678.04,1679.01,1681.86,1680.85,1682.73,1684.25,1683.96,1689.86,1688.21,1684.84,1689.08,1689.96,1691.01,1691.66,1690,1692.41,1695.97,1694.81,1696.56,1699.06,1701.21,1702.46,1699.03,1704.9,1706.67,1705.31,1706.26,1706.67,1706.78,1710.86,1710.9,1711.9,1713.52,1712.53,1714.74,1714.02,1715.7,1716.29,1714.95,1717.79,1716.92,1721.48,1722.69,1717.13,1719.99,1720.37
02.06.2026 11:22:03,1794.17,1791.88,1789.68,1790.58,1788.95,1788.55,1791.25,1791.53,1789.97,1786.4,1784.97,1788.42,1783.76,1785.94,1782.85,1783.4,1785.17,1786.49,1784.63,1782.65,1784.67,1780.22,1781.68,1780.65,1780.04,1780.47,1780.75,1778.34,1775.62,1777.15,1775.91,1776.61,1775.19,1775.02,1774.94,1768.8,1766.54,1769.35,1768.35,1768.24,1766.8,1761.3,1762.56,1756.19,1755.71,1759.37,1755.62,1753.33,1750.99,1746.52,1748.26,1742.42,1737.99,1737.59,1735.97,1732.01,1728.85,1723.84,1718.19,1715.31,1709.39,1706.66,1705.69,1699.35,1698.46,1694.57,1691.63,1687.5,1684.8,1683.79,1679.03,1676.13,1676.4,1674.29,1669.92,1670.95,1671.25,1668.01,1669.36,1664.23,1666.25,1662.5,1664.27,1663.09,1661.78,1657.89,1656.09,1655.41,1660.4,1659.85,1654.93,1658.13,1660.41,1656.92,1655.68,1654.12,1654.89,1651.63,1651.82,1654.76,1655.77,1654.81,1655.37,1653.82,1655.51,1652.61,1656.72,1655.17,1653.33,1659.22,1654.12,1656.52,1655.43,1654.42,1656.68,1657.32,1657.79,1658.63,1656.09,1656.19,1654.84,1659.2,1660.1,1659,1661.19,1658.73,1660.82,1659.44,1660.98,1664.14,1661.59,1663.69,1662.51,1662.94,1663.45,1664.36,1662.1,1665.82,1666.62,1667.43,1669.19,1667.62,1667.49,1666.35,1671.22,1670.41,1669.57,1672.49,1671.36,1674.27,1677.04,1675.1,1676.29,1680.66,1677.31,1679.83,1680.57,1679.9,1682.25,1679.84,1683.06,1684.72,1689.05,1685.86,1687.66,1686.91,1690.62,1687.73,1691.18,1692.4,1693.02,1697.69,1697.85,1699.75,1699.53,1702.07,1698.86,1702.82,1702.63,1707.26,1704.16,1703.61,1706.13,1709.29,1709.28,1708.94,1710.3,1711.95,1710.86,1708.67,1713.07,1712.82,1717.16,1714.38,1716.27,1717.41,1718.4,1719.92,1719.2,1719.76,1721.85
02.06.2026 11:22:05,1790.3,1790.24,1790.55,1794.11,1790.38,1789.95,1789.76,1791.17,1792.03,1786.06,1787.64,1787.44,1787.19,1785.44,1786.22,1788.45,1786.25,1786.54,1782.15,1781.06,1784.45,1784.13,1784.95,1780.86,1781.67,1778.06,1780.14,1777.29,1778.8,1777.45,1778.16,1773.45,1776.49,1773.92,1772.96,1769.97,1771.22,1773.03,1766.99,1766.75,1769.67,1763.89,1760.18,1761.53,1757.36,1757.08,1755.44,1748.32,1749.97,1748.57,1744.01,1745.84,1736.68,1733.02,1733.19,1729.59,1728.59,1720.82,1721.05,1717.16,1710.09,1706.76,1707.58,1700.46,1695.04,1695.41,1690.37,1688.66,1685.49,1682.03,1675.42,1677.28,1674.31,1669.76,1671.63,1670.63,1670.33,1667.59,1666.02,1662.31,1667.24,1663.17,1661.19,1663.22,1660.19,1659.49,1658.81,1658.91,1656.28,1654.17,1656.42,1660.83,1656.57,1653.56,1656.52,1653.21,1656.51,1655.39,1653.84,1654.48,1653.09,1656.76,1656.46,1654.14,1655.56,1654.22,1652.62,1655.14,1654.83,1654.44,1655.73,1654.49,1654.63,1655.28,1657.55,1652.93,1657,1655,1659.68,1656.4,1661.65,1659.13,1660.74,1660.56,1662.6,1660.02,1657.55,1660.19,1660.03,1660.45,1659.43,1660.5,1665.34,1662.03,1664.12,1662.67,1665,1663.92,1668.99,1666.26,1666.55,1671.46,1667.03,1668.03,1667.87,1671.09,1673.73,1670.38,1673,1674.24,1672.39,1676.78,1673.92,1674.65,1677.89,1679.91,1680.76,1681.31,1679.31,1682.16,1683.75,1688.98,1683.49,1688.89,1688.83,1688.86,1691.14,1690.66,1691.01,1695.62,1695,1696.02,1695.24,1696.03,1698.19,1701.76,1704.79,1700.56,1700.96,1702.47,1700.84,1707.04,1707.37,1705.89,1705.42,1707.64,1707.7,1710.91,1712.06,1714.48,1713.43,1714.13,1716.09,1715.14,1718.2,1718.86,1716.89,1719.93,1721.33,1719.26,1722.23
02.06.2026 11:22:06,1787.34,1794.5,1790.36,1794.16,1789.93,1793.56,1788.82,1790.62,1790.72,1787.43,1787.08,1786.66,1787.54,1784.61,1786.52,1785.6,1782.96,1781.17,1781.15,1780.46,1781.81,1782.75,1780.06,1778.6,1778.34,1777.78,1779.77,1780.6,1780.72,1776.83,1776.72,1773.39,1774.28,1775.97,1773.37,1771.53,1772.07,1766.89,1768.59,1765.71,1766.41,1764.35,1761.94,1764.47,1759.55,1758.88,1755.13,1753.19,1752.16,1745.93,1745.73,1743.41,1738.43,1733.64,1735.13,1726.95,1727.49,1721.44,1716.15,1712.41,1710.87,1707.2,1705.54,1703.1,1695.74,1691.65,1686.44,1687.79,1686.85,1683.69,1679.82,1679.28,1672.18,1673.51,1667.67,1670.55,1669.77,1664.14,1666.74,1667.55,1663.47,1663.78,1661.97,1659.88,1661.44,1663.21,1660.27,1658.87,1657.5,1655.81,1656.9,1656.47,1658.24,1656.58,1655.51,1654.78,1652.62,1653.27,1654.97,1654.52,1657.74,1654.3,1655.43,1651.89,1654.39,1658.22,1656.86,1651.83,1657.99,1651.68,1655.7,1656.21,1654.78,1655.02,1653.63,1656.46,1657.7,1656.15,1657.99,1658.41,1656.57,1659.59,1662.64,1659.62,1658.4,1658.85,1657.65,1660.83,1662.15,1659.96,1663.63,1664.09,1662.17,1663.13,1662.23,1663.8,1666.46,1665.31,1667.4,1666.93,1663.62,1666.12,1667.52,1669.27,1667.44,1671.57,1672.1,1673.14,1670.91,1672.59,1673.83,1676.21,1674.9,1678.51,1675.67,1678.56,1677.35,1682.96,1679.96,1681.56,1682.55,1682.7,1685.06,1684.42,1687.21,1690.73,1691.91,1693.3,1691.14,1694.08,1696.43,1693.91,1696.32,1699.65,1697.3,1703.57,1700.19,1700.46,1703.37,1702.56,1704.01,1703.96,1706.42,1704.47,1709.04,1710.5,1709.67,1711.81,1710.5,1710.1,1710.9,1716.19,1717.84,1714.63,1717.51,1717.92,1719.67,1722.13,1721.51,1722.41,1722.66
02.06.2026 11:22:07,1790.49,1791.71,1791.14,1790.17,1789.21,1788.44,1789.46,1790.14,1787.76,1788.06,1789.59,1787.51,1785.41,1783.35,1782.46,1782.7,1784.81,1784.32,1784.75,1783.5,1784.41,1780.62,1781.09,1780.42,1780.08,1778.76,1780.12,1776.35,1776.49,1783.07,1778.47,1773,1776.67,1769.48,1771.56,1775.19,1767.63,1766.03,1769.29,1765.7,1763.82,1761.03,1760.89,1763.21,1758.74,1760.59,1755.21,1753.23,1750.82,1750.33,1744.82,1742.61,1740.37,1736.68,1736.81,1727.15,1726.16,1721.82,1717.88,1714.45,1710.45,1705.57,1702.68,1702.14,1695.48,1691.21,1690.18,1687.45,1684.93,1678.95,1680.28,1679.1,1673.99,1675.28,1669.88,1666.1,1666.19,1666.83,1665.07,1664.7,1664.55,1662.06,1662.2,1657.24,1660.56,1658.28,1658.39,1657.18,1655.63,1658.44,1660.11,1652.71,1655.11,1653.22,1656.58,1656.25,1655.84,1654,1653.27,1654.45,1657.02,1653.69,1652.99,1654.97,1652.82,1655.69,1653.56,1651.46,1651.7,1655.2,1655.01,1654.57,1656.56,1652.65,1652.91,1656.35,1657.68,1659.18,1656.88,1658.18,1660.34,1659.2,1656.44,1661.62,1659.63,1659.11,1657.03,1661.98,1659.29,1661.56,1663.03,1662.87,1662.68,1660.42,1661.44,1663.59,1664.58,1665.5,1665.17,1666.48,1666.96,1666.95,1667.6,1668.18,1668.92,1670.58,1670.21,1672.38,1673.32,1673.56,1676.03,1672.22,1672.87,1676.77,1676.69,1679.51,1680.65,1683.21,1680.43,1681.78,1684.21,1682.11,1685.41,1687.81,1685.23,1685.58,1690.38,1690.83,1690.8,1691.43,1692.9,1695.26,1694.08,1697.52,1697.12,1698.21,1699.1,1696.66,1699.2,1701.68,1705.19,1702.72,1707.24,1704.49,1709.13,1707.89,1711.45,1714.1,1710.41,1713.49,1713.99,1718.57,1717.96,1716.39,1715.97,1717.94,1718.74,1723,1719.75,1720.14,1719.75
02.06.2026 11:22:08,1789.88,1793.49,1787.58,1790.73,1789.84,1792.03,1784.97,1786.47,1787.05,1788.23,1787.88,1783.49,1783.45,1787.21,1784.33,1784.86,1782.8,1784.14,1782.78,1783.98,1782.57,1783.05,1784.92,1781.08,1778.87,1779.88,1779.26,1783.32,1778.35,1776.43,1775.02,1778.74,1777.15,1771.74,1772.68,1772.03,1769.34,1768.23,1768.16,1766.47,1765.21,1764.15,1762.7,1758.57,1758.55,1753.61,1755.63,1751.1,1748.34,1748.37,1747.05,1740.3,1739.17,1733.47,1731.3,1729.37,1722.67,1721.44,1720.2,1715.29,1712.14,1707.23,1704.62,1700.28,1699.84,1693.65,1688.91,1684.15,1687.04,1681.19,1678.06,1677.4,1674.46,1674.9,1671.05,1670.47,1671.6,1665.83,1668.75,1664.12,1663.38,1661.51,1663.99,1658.34,1657.19,1659.53,1659.51,1657.03,1654.77,1657.24,1653.95,1654.03,1656.27,1651.6,1656.91,1657.1,1655.72,1654.24,1650.99,1652.39,1652.19,1653.63,1653.85,1652.76,1653.5,1654.24,1655.41,1653.49,1652.98,1652.28,1654.06,1654.46,1653.4,1655.83,1654.37,1654.12,1655.08,1653.45,1658.28,1659.03,1654.7,1654.7,1657.97,1658.64,1657.89,1656.16,1658.58,1660.74,1663.21,1660.17,1664.57,1658.27,1660.72,1658.68,1664.64,1663.36,1664.74,1665.26,1668.51,1662.25,1663.12,1665.58,1668.81,1669.32,1670.52,1670.03,1669.95,1670.69,1670.82,1674.32,1671.72,1676.48,1676.23,1675.43,1677.23,1677.8,1679.73,1679.15,1681.71,1683.48,1682.81,1680.98,1684.6,1686.6,1686.36,1687.48,1689.72,1688.74,1690.39,1692.81,1693.44,1696.19,1695.69,1694.43,1695.95,1698.13,1696.15,1702.15,1703.59,1700.93,1701.69,1707.43,1704.64,1707.19,1707.62,1707.17,1709.88,1712.81,1711.57,1710.53,1715.07,1715.8,1714.54,1713.44,1716.9,1716.89,1715.91,1718.31,1720.1,1717.4,1720.09
02.06.2026 11:22:09,1795.02,1788.69,1788.5,1791.8,1788.75,1789.25,1788.23,1790.22,1786.42,1787.18,1784.92,1782.52,1786.75,1782.44,1784.54,1784.25,1785.21,1779.46,1783.25,1785.63,1779.84,1777.57,1782.19,1783.59,1779.86,1779.64,1778.18,1777.36,1776.49,1776.99,1774.38,1771.79,1771.52,1773.94,1771.8,1770.33,1769.55,1769.9,1763.63,1766.96,1763.13,1761.22,1760.72,1758.2,1760.7,1757.13,1753.5,1749.5,1749.79,1747.01,1742.98,1742.49,1738.92,1736.64,1731.67,1723.75,1726.37,1721.85,1718.87,1716.14,1710.37,1709.53,1700.23,1698.21,1696.37,1694.12,1687.11,1687.66,1685.86,1681.51,1679.86,1678.81,1674.88,1669.92,1671.61,1666.84,1666.74,1664.39,1664.37,1662.41,1663.91,1661.36,1660.59,1662.62,1663.73,1659.81,1656.23,1660.04,1658.34,1655.12,1658.68,1654.74,1650.89,1654.79,1655.83,1652.25,1653.41,1651.49,1653.92,1654.39,1654.03,1654.78,1654.37,1653.31,1654.4,1655.83,1651.89,1653.58,1653.15,1656.02,1654.54,1650.45,1651.93,1658,1657.16,1656.9,1654.42,1656.4,1655.02,1654.58,1652.33,1657.07,1658.89,1657.19,1656.42,1655.24,1656.55,1661.96,1662.18,1662.62,1661.3,1662.27,1663.09,1661.64,1664.22,1663.13,1662.34,1666.29,1663.47,1664.98,1666.86,1668.21,1664.13,1665.23,1670.32,1670.96,1670.73,1672.42,1670.56,1671.48,1675.09,1675.98,1674.46,1679.49,1676.38,1677.95,1675.61,1679.87,1681.43,1682.81,1681.25,1684.57,1688.93,1686.52,1688.25,1686.63,1688.64,1688.04,1692.59,1693.45,1694.26,1697.29,1694.62,1695.81,1696.23,1699.14,1699.69,1700.69,1701.94,1702.65,1706.78,1702.23,1706.32,1705.62,1704.95,1706.4,1711.68,1709.05,1711.21,1709.65,1715.18,1713.72,1715.17,1714.28,1714.93,1719.14,1715.92,1718.4,1722.27,1719.46,1720.29
02.06.2026 11:22:10,1788.84,1790.87,1787.29,1787.13,1787.88,1790.92,1789.81,1786.01,1783.06,1787.18,1785.15,1786.78,1783.52,1787.63,1783.38,1784.61,1785.21,1782.78,1782.23,1781.95,1779.47,1781.19,1778.36,1781.85,1777.62,1780.32,1776.18,1776.63,1777.07,1776.4,1774.85,1776.35,1771.07,1774.34,1771.56,1771.88,1768.4,1770.42,1763.86,1766.68,1760.48,1764.29,1760.49,1762.04,1756.9,1756.4,1755.48,1752.68,1750.22,1748.78,1745.29,1741.41,1741.25,1737.26,1733.17,1730.51,1726.72,1721.78,1716.46,1714.84,1711.75,1708.27,1701.36,1699.39,1693.8,1695.65,1690.93,1688.52,1685.08,1680.46,1677.06,1678.52,1675.91,1670.44,1670.66,1670.05,1667.28,1665.26,1666.59,1662.3,1660.72,1661.31,1660.36,1659.26,1660.18,1658.82,1656.47,1657.16,1652.89,1657.82,1655.94,1657.21,1654.89,1653.72,1653.76,1651.77,1653.54,1654.26,1655.77,1653.44,1651.05,1653.31,1656.36,1655.65,1655.6,1654.61,1653.61,1654.45,1655.55,1652.98,1653.64,1654.61,1654.75,1653.94,1657.24,1653.64,1654.4,1658.49,1657.79,1655.81,1656.38,1655.89,1658.02,1657.68,1661.08,1659.87,1658.79,1659.69,1659.87,1661.57,1660.1,1660.79,1661.18,1661.56,1659.39,1662.68,1666.15,1666.34,1662.05,1665.49,1667.53,1662.68,1665.26,1667.16,1669.03,1671.51,1668.33,1671.33,1670.91,1672.77,1669.68,1674.06,1675.21,1672.65,1674.56,1674.27,1679.79,1676.82,1681.34,1679.14,1684.7,1682.54,1684.46,1687.1,1685.57,1691.42,1687.7,1689.91,1688.31,1692.63,1691.55,1694.18,1695.78,1698.84,1697.05,1699.54,1695.8,1701.05,1701.93,1701.05,1702.07,1704.66,1707.21,1706.94,1709.46,1706.77,1709.22,1710.01,1710.68,1715.04,1716.44,1712.82,1712.99,1715.71,1714.12,1715.86,1720.46,1715.46,1719.68,1722.87,1720.95
02.06.2026 11:22:11,1791.77,1789.08,1792.65,1785.98,1788.43,1787.93,1788.21,1787.88,1787.63,1783.79,1784.43,1786.86,1786.17,1782.54,1786.79,1780.58,1780.84,1778.52,1782.68,1780.88,1781.04,1779.8,1780.17,1778.14,1780.64,1779.16,1776.86,1776.16,1773.13,1774.63,1775.88,1773.35,1770.19,1771.27,1771.93,1769.34,1771.19,1766.22,1767.57,1763.2,1764.97,1759.83,1764.09,1756.13,1756.74,1757.09,1752.22,1749.22,1750.14,1746.55,1742.6,1743.62,1737.19,1735.15,1732.14,1726.31,1726.19,1720.48,1717.96,1710.86,1711.45,1702.12,1700.63,1697.85,1696.11,1693.02,1688.61,1685.69,1683.7,1680.61,1679.11,1679.89,1675.25,1673.97,1667.71,1672.97,1666.8,1663.4,1663.48,1661.33,1659.51,1663.38,1661.17,1657.84,1657.61,1657.21,1655.41,1658.74,1655.41,1654.49,1657.71,1654.83,1655.87,1658.27,1656.28,1654.89,1654.84,1654.17,1655.25,1652.31,1650.21,1653.7,1653.74,1650.89,1651.88,1655.96,1650.99,1652.64,1655.2,1655.76,1655.06,1654.94,1655.39,1654.75,1657.14,1655.91,1654.48,1660.12,1658.65,1659.31,1658.5,1655.82,1656.13,1660.86,1661.33,1659.65,1662.05,1658.59,1657.72,1661.41,1662.8,1660.03,1660.93,1662.69,1663.87,1663.59,1665.93,1665.63,1661.95,1666.07,1666.28,1666.31,1665.93,1666.75,1665.07,1670.86,1667.76,1672.54,1670.74,1672.99,1678.11,1672.28,1674.97,1677,1678.37,1679.41,1677.27,1678.7,1682.15,1678.23,1683.49,1685.74,1683.01,1682.88,1688.04,1687.57,1690.5,1687.28,1693.19,1690.75,1688.23,1695.24,1694.31,1698.52,1693.65,1697.05,1699.06,1696.75,1701.58,1699.3,1700.52,1704,1703.96,1704.3,1705.39,1705.26,1709.64,1706.61,1708.97,1710.03,1709.68,1714.09,1711.71,1715.06,1714.45,1715.18,1717.8,1713.32,1717.28,1719.99,1716.86
02.06.2026 11:22:13,1790.34,1786.46,1789.37,1790.06,1786.42,1787.41,1790.2,1785.23,1785.58,1786.03,1784.25,1779.81,1783.53,1780.5,1782.45,1781.59,1782.68,1781.11,1781.71,1780.58,1782.29,1779.11,1777.99,1781.81,1778.93,1776.28,1777.58,1775.74,1774.12,1773.75,1773.92,1774.2,1771.37,1770.23,1769.7,1770.88,1766.76,1765.97,1769.19,1763.06,1761.63,1761.47,1759.88,1756,1756.89,1755.2,1754.39,1751.81,1749.34,1746.67,1744.94,1743.3,1737.78,1735.25,1732.14,1727.8,1724.98,1720.03,1714.81,1712.93,1707.85,1705.73,1703.35,1699.89,1696.33,1688,1689.99,1686.59,1681.51,1675.68,1674.39,1676.87,1674.26,1671.91,1668,1668.01,1667.01,1664.15,1662.94,1662.67,1657.48,1659.34,1661.76,1659.87,1660.08,1655.94,1655.98,1655.67,1658.15,1656.19,1658.34,1655.17,1654.97,1653.96,1656.89,1653.55,1653.62,1654.14,1654.12,1656.36,1649.9,1650.4,1653.15,1651,1654.92,1653.1,1652.99,1655.64,1653.55,1653.17,1656.62,1654.52,1655.28,1653.41,1652.85,1653.48,1654.91,1655.45,1655.2,1658.02,1656.31,1658.24,1657.45,1658.96,1655.57,1656.73,1661.01,1658.86,1656,1657.82,1661.57,1660.84,1661.83,1660.12,1662.98,1662.95,1662.91,1663.83,1665.73,1663.69,1666.53,1663.17,1668.37,1667.36,1665.34,1666.07,1668.18,1667.7,1670.36,1672.18,1672.99,1673.06,1677.34,1676.32,1675.5,1677.47,1674.89,1677.51,1676.59,1683.34,1682.38,1682.76,1682.55,1683.89,1683.16,1688.29,1689.06,1689.25,1684.58,1692.18,1693.96,1693.63,1697.43,1696.88,1696.28,1696,1695.72,1701.25,1701.23,1703.87,1702.53,1705.12,1705.05,1706.42,1701.71,1708.69,1706.64,1709.39,1712.37,1710.06,1711.05,1713.92,1714.49,1713.62,1713.1,1716.47,1717.4,1715.28,1715.73,1714.81,1716.94
02.06.2026 11:22:14,1790.37,1789,1788.19,1785.93,1788.06,1785.42,1786.99,1788.26,1784.86,1784.9,1784.21,1783.94,1779.94,1783.34,1783.03,1783.44,1780.17,1780.04,1780.38,1777.65,1779.95,1780.91,1779.12,1775.74,1780.33,1777.58,1777.6,1777.21,1772.5,1776.25,1772.63,1769.48,1773.57,1767.52,1769.98,1768.41,1767.77,1765.18,1763.36,1766.05,1759.33,1758.94,1761.18,1756.1,1757.01,1750.3,1751.75,1748.95,1748.1,1743.65,1741.75,1739.01,1734.13,1733.77,1731.36,1726.92,1724.45,1718.12,1715.73,1715.57,1712.86,1702.81,1704.62,1697.79,1695.33,1691.7,1686.31,1684.23,1686.19,1680.46,1675.68,1673.97,1673.11,1673.34,1667.7,1666,1666.39,1665.47,1660.12,1662.95,1662.62,1663.97,1660.86,1658.86,1655.86,1656.01,1659.2,1654.83,1654.49,1655.34,1653,1656.11,1652.53,1650.26,1649.67,1652.3,1651.93,1652.88,1652.52,1652.26,1652.86,1650.86,1654.11,1653.26,1651.17,1653.03,1652.14,1649.35,1651.87,1655.55,1654.98,1650.35,1651.65,1652.36,1653.59,1650.67,1652.07,1658.15,1656.5,1653.67,1654.36,1659.21,1659.58,1656.56,1654.38,1656.27,1658.25,1662.99,1657.39,1658.93,1661.23,1659.04,1660.26,1661.7,1659.79,1663,1663.03,1662.98,1663.81,1663.25,1665.71,1664.66,1665.73,1668.92,1666.63,1670.89,1671.72,1670.2,1670.04,1669.59,1672.93,1669.11,1676.63,1676.66,1675.06,1675.25,1678.51,1678.21,1680.18,1678.64,1681.46,1685.09,1681.9,1684.16,1686.97,1686.64,1688.03,1690.48,1689.51,1690.3,1690.89,1689.25,1693.54,1694.89,1694.92,1694.98,1701.18,1696.68,1696.26,1700.4,1700.32,1702.58,1704.91,1703.94,1705.52,1703.65,1707.35,1709.59,1708.45,1710.84,1712.36,1712.68,1714.69,1715.46,1713.14,1718.7,1714.97,1718.41,1719.04,1717.74,1718.97
02.06.2026 11:22:15,1791.62,1788.85,1787.4,1787.9,1786.78,1787.89,1786,1784.65,1783.68,1786.4,1785.98,1785.2,1785.89,1785.24,1781.56,1781.86,1781.49,1777.04,1780.13,1781.36,1778.71,1778.25,1777.81,1782.12,1777.95,1776.56,1777.4,1775.43,1773.96,1776.73,1776.01,1772.74,1777.12,1773.64,1770.23,1770.51,1767.17,1765.63,1770.9,1761.82,1763.67,1764.28,1757.37,1760.78,1755.68,1750.71,1752.99,1751.69,1745.53,1746.32,1746.03,1742.34,1735.49,1733.79,1730.57,1729.64,1723.27,1722.1,1716.12,1711.79,1708.31,1707.01,1702.18,1701.18,1698.27,1691.74,1691.26,1685.02,1681.92,1679.8,1679.12,1675.17,1672.7,1672.25,1671.56,1670.69,1666.37,1665.72,1665.15,1662.11,1658.67,1661.18,1658.15,1656.65,1660.14,1660.02,1658.14,1654.95,1659.19,1656.77,1655.13,1656.22,1655.49,1651.43,1651.12,1652.47,1650.59,1654.06,1650.28,1654.62,1652.11,1652.64,1653.95,1653.75,1651.78,1656.3,1657.08,1655.25,1654.42,1653.68,1651.22,1654.12,1653.77,1651.57,1653.16,1655.17,1652.65,1656.28,1657.96,1656.37,1654.12,1660.63,1651.85,1658.08,1656.2,1659.65,1658.48,1658.98,1656.72,1661.05,1657.25,1662.94,1662.13,1662.21,1662.36,1660.14,1662.25,1662.04,1665.35,1665.65,1664.54,1668.42,1668.06,1668.04,1669.77,1665.68,1669.38,1669.75,1671.84,1672.19,1672.78,1672.63,1674.65,1679.24,1677.01,1677.49,1677.75,1681.23,1680.79,1682.15,1683.52,1684.52,1686.3,1684.59,1688.58,1687.02,1687.64,1690.58,1689.06,1693.17,1691.06,1696.48,1696.57,1695.28,1696.71,1697.2,1698.97,1698.43,1698.71,1706.06,1702.87,1703.68,1704.53,1708.46,1706.09,1706.6,1706.33,1707.91,1709.26,1711.91,1709.83,1710.9,1714.14,1714.4,1716.64,1716.08,1715.18,1716.9,1717.8,1719.13,1717.45
02.06.2026 11:22:16,1787.6,1789.68,1792.14,1788.37,1786.26,1788.44,1786.91,1785.91,1789.45,1788.47,1786.27,1787.79,1786.67,1781.7,1781.14,1783.69,1783.71,1783.32,1779.74,1778.21,1781.51,1779.78,1777.06,1783.11,1774.71,1775.73,1773.83,1777.44,1770.29,1773.22,1770.96,1771.73,1770.68,1770.34,1769.05,1768.13,1767.33,1765.43,1761.89,1761.7,1765,1762.05,1760.52,1757.09,1754.95,1755.67,1753.18,1748.25,1747.67,1742.13,1743.53,1739.41,1737.25,1731.41,1731.53,1726.01,1722.92,1720.89,1714.55,1715.14,1708.56,1704.76,1702.11,1697.14,1696.1,1694.08,1689.99,1686.11,1679.71,1680.17,1675.11,1679.98,1673.6,1670.39,1670.47,1670.37,1668.11,1663.36,1664.14,1662.75,1662.38,1661.01,1659.48,1658.61,1657.77,1658.21,1658.7,1652.61,1655.91,1657.03,1650.76,1658.61,1654.31,1653.97,1654.24,1653.88,1650.85,1653.42,1652.73,1650.94,1651.44,1652.39,1652.54,1653.09,1653.08,1653.53,1650.59,1651.5,1650.35,1651.99,1655.69,1651.06,1655.19,1655.62,1653.45,1652.74,1653.46,1655.81,1656.75,1654.05,1655.24,1653.72,1657.19,1657.03,1660.36,1656.9,1656.91,1657.31,1660.03,1658.42,1659.07,1659.21,1659.2,1662.38,1663.43,1661.89,1664.38,1664.16,1663.66,1665.33,1663.17,1661.82,1667.63,1669.48,1667.75,1670.48,1669.57,1671.69,1671.16,1667.48,1672.25,1669.85,1673.87,1674.88,1675.18,1677.59,1678.79,1679.4,1678.53,1679.71,1680.07,1679.76,1684.91,1685.44,1685.96,1686.74,1687.85,1687.4,1688.23,1688.33,1693.58,1692.61,1693.14,1695.5,1695,1696.97,1698.42,1697.88,1700.88,1700.47,1702.38,1701.69,1701.83,1704.95,1708.07,1708.4,1705.59,1712.05,1710.36,1710.47,1712.62,1713.21,1714.34,1715.89,1716.38,1715.08,1716.19,1713.8,1717.96,1718.32,1717.81
02.06.2026 11:22:17,1787.48,1787.92,1785.45,1788.9,1787.62,1788.8,1786.12,1786.47,1790.54,1786.29,1783.12,1784.37,1783.03,1783.18,1780.89,1782.68,1779.38,1780.06,1780.13,1776.57,1779.8,1781.72,1777.5,1777.34,1776.95,1776.52,1778.86,1774.62,1776.71,1772.89,1774.14,1773.39,1771.2,1770.52,1773.99,1773.7,1767.79,1764.71,1765.97,1767.85,1763.24,1762.08,1758.39,1761.39,1753.9,1752.64,1754.01,1748.71,1745.91,1745.74,1741.32,1738.76,1734.58,1733.2,1731.96,1723.31,1721.4,1718.32,1717.98,1712.06,1706.13,1703.39,1701.68,1697.89,1695.88,1693.45,1689.73,1682.7,1679.89,1679.93,1677.14,1676.57,1672.01,1673.19,1671.01,1668.48,1665.05,1665.59,1663.33,1660.83,1661.09,1656.4,1661,1656.03,1658.72,1655.05,1658.49,1654.99,1654.89,1655.85,1654.8,1653.22,1655.14,1655.2,1655.9,1654.53,1652.02,1652.4,1654.69,1653.92,1654.71,1652.4,1651.49,1652.94,1653.56,1653.21,1651.46,1651.56,1651.77,1650.76,1652.18,1654.92,1654.16,1651.88,1653.58,1654.79,1653.74,1653.08,1658.24,1655.54,1652.7,1651.83,1653.5,1656.43,1657.5,1657.86,1657.05,1654.65,1657.11,1659.83,1661.47,1658.91,1662.08,1662.4,1657.95,1662.22,1665.97,1663.23,1666.11,1665.47,1662.88,1664.17,1664.19,1668.57,1669.07,1667.17,1665.49,1666.8,1671.51,1672.18,1671.11,1673.27,1672.74,1674.01,1674.96,1674.68,1676.65,1678.6,1681.73,1679.27,1680.92,1681.7,1682.86,1683.06,1685.79,1686.4,1689.67,1688.79,1689.64,1689.91,1689.3,1692.07,1695.16,1696,1693.15,1696.56,1701.25,1700.97,1701.02,1699.4,1702.69,1703.68,1704.89,1704.73,1708.03,1710.41,1706.46,1710.29,1708.25,1710.26,1710.77,1710.98,1713.77,1714.45,1711.38,1713.73,1718.56,1713.56,1715.74,1718.54,1718.9
02.06.2026 11:22:18,1787.54,1786.44,1791.04,1786.42,1787.83,1787.26,1787.91,1784.46,1784.18,1785.25,1785.49,1781.47,1784.79,1782.72,1783.2,1780.14,1783.35,1780.61,1780.72,1780.15,1777.6,1779.6,1779.97,1781.1,1781.06,1775.92,1776.63,1775.98,1776.35,1774.78,1773.19,1772.5,1770.84,1771.18,1768.59,1767.7,1765.88,1770.66,1765.51,1765.48,1762.29,1761.87,1758.95,1757.24,1757.52,1755.24,1752.29,1748.71,1749.62,1744.7,1741.11,1739.62,1735.04,1730.84,1731.96,1727.3,1720.72,1720.4,1716.44,1714.82,1709.21,1703.34,1701.93,1695.27,1696.22,1691.29,1687.33,1684.57,1683.01,1678.89,1679.48,1674.99,1668.39,1672.85,1671.11,1669.27,1665.54,1666.51,1663.96,1661.9,1660.52,1657.17,1657.51,1660.4,1659.16,1657.31,1655.18,1654.62,1654.54,1656.99,1654.17,1653.44,1650.1,1648.42,1657.68,1652.48,1652.45,1651.57,1649.1,1653.19,1649.39,1652.92,1649.72,1652.84,1652.14,1654.42,1655.59,1651.69,1652.27,1653.27,1651.5,1651.97,1654.67,1656.34,1652.73,1651.16,1654.62,1655.06,1656.02,1655.88,1653.07,1659.07,1657.23,1657.41,1655.05,1659.33,1656.45,1658.84,1658.79,1660.66,1657.74,1658.21,1660.01,1658.88,1662.98,1662.28,1661.78,1663.47,1664.06,1664.93,1667.05,1662.88,1665.7,1665.97,1667.35,1670.15,1670.14,1668.78,1669.46,1668.57,1670.62,1673.68,1674.09,1675.71,1672.43,1672.93,1676.61,1676.32,1678.59,1681.84,1682.79,1683.4,1684.8,1681.07,1687.29,1687.33,1687.33,1691.24,1687.58,1692.41,1691.7,1690.15,1696.16,1692.26,1697.02,1694.6,1700.34,1698.27,1698.77,1701.55,1702.79,1702.9,1705.47,1702.2,1704.94,1706.06,1704.43,1712.86,1711.52,1711.15,1712.32,1711.41,1714.25,1710.67,1718.85,1714.24,1715.05,1715.74,1715.81,1715.86,1714
02.06.2026 11:22:19,1788.57,1791.35,1787.81,1789.61,1784.83,1786.12,1787.75,1785.65,1790.08,1787.27,1787.83,1783.52,1782.88,1783.85,1777.66,1782.26,1782.18,1782.92,1778.73,1778.06,1779.96,1778.72,1779.73,1779.18,1775.51,1775.61,1776.65,1776.68,1775.08,1776.8,1774.77,1772.98,1772.63,1773.16,1770.42,1765.82,1767.28,1765.74,1762.68,1764.93,1762.58,1763.82,1762.72,1756.91,1755.76,1756.33,1752.12,1747.01,1745.02,1744.05,1741.75,1738.88,1738.04,1731.73,1729.15,1726.8,1723.36,1718.66,1716.68,1709.01,1710.57,1706.38,1696.67,1697.02,1693.5,1693.01,1688.61,1685.86,1680.15,1679.89,1676.16,1676.9,1675.31,1668.13,1671.52,1668.55,1667.08,1666.26,1662.9,1661.53,1661.6,1661.5,1658.24,1659.19,1656.54,1656.45,1657.73,1655.74,1655.78,1654.77,1650.79,1654.03,1656.13,1652.52,1654.59,1652.03,1653.02,1649.21,1649.35,1648.98,1652.9,1655.2,1650.72,1653.23,1650.69,1656.25,1650.8,1651.35,1652.43,1650.68,1653.61,1653.3,1652.85,1651.34,1653.82,1654.42,1654.42,1655.46,1655.7,1656.1,1657.34,1655.76,1658.33,1658.25,1658.99,1655.89,1656.35,1659.81,1660.81,1657.65,1659.64,1657.46,1657.63,1660.92,1661.85,1661.11,1662.17,1665.71,1664.17,1663.57,1663.71,1665.26,1664.66,1667.26,1665.84,1666.68,1671.3,1667.2,1675.49,1670.55,1671.81,1673.78,1671.62,1674.37,1675.97,1674.41,1678.15,1681.7,1679.14,1679.7,1679.28,1681.49,1683.64,1687.7,1685.96,1685.82,1687.89,1689.1,1690.42,1693.18,1693.5,1691.04,1691.6,1692.8,1699,1698.91,1696.18,1699.67,1703.14,1700.69,1700.01,1701.17,1706.22,1707.5,1705.32,1708.63,1707.14,1706.17,1709.71,1711.23,1708.29,1709.55,1710.55,1714.52,1711.39,1714.07,1716.36,1714.98,1716.26,1717.47,1716.67
02.06.2026 11:22:21,1788.72,1787.11,1787.96,1788.85,1788.21,1789.78,1788.23,1789.63,1782.5,1785.72,1784.62,1780.43,1781.59,1781.51,1782.56,1782.43,1783.42,1779.99,1781.01,1779.73,1777.97,1778.49,1776.35,1777.56,1775.45,1779.12,1777.57,1775.41,1772.35,1774.7,1773.11,1773.81,1772.71,1770.53,1770.32,1767.84,1769.83,1770.08,1765,1763.16,1761.85,1758.58,1758.26,1757.47,1753.03,1753.82,1748.73,1753.37,1743.8,1743.43,1740.6,1741.1,1734.91,1727.68,1729.41,1726.44,1725.15,1721.73,1716.71,1711.85,1705.09,1706.77,1702.55,1698.02,1691.9,1689.63,1690.33,1686.42,1682.25,1681.32,1680.08,1677.6,1669.39,1671.48,1666.96,1667.71,1669.04,1666.09,1664.9,1663.11,1660.31,1658.3,1659.3,1657.79,1658.43,1659.12,1654.04,1654.16,1656.33,1655.89,1655.83,1652.4,1655.29,1651.98,1654.82,1653.77,1655.81,1654.23,1653.6,1654.51,1650.35,1653.54,1648.05,1652.23,1655.61,1652.19,1651.56,1652.12,1651.52,1651.94,1654.14,1652.82,1650.85,1650.8,1654.56,1653.67,1654.61,1654.76,1654.62,1653.03,1655.9,1653.43,1653.22,1655.93,1658.97,1653.5,1656.51,1658.15,1657.59,1659.96,1659.58,1660.34,1662.3,1660.32,1662.83,1663.87,1662.58,1663.45,1661.2,1663.64,1664.71,1664.68,1667.82,1664.83,1665.41,1669.2,1667.52,1668.52,1671.76,1670.15,1673.18,1674.24,1672.7,1671.59,1674.44,1672.98,1675.03,1676.23,1679.43,1681.46,1681.94,1681.73,1685.51,1683.11,1681.45,1685.43,1686.28,1688.11,1691.87,1693.87,1690.85,1693.77,1696.64,1696.19,1696.87,1696.39,1697.49,1699.91,1701.16,1700.66,1702.49,1704.68,1703.59,1704.03,1705.96,1705.45,1709.68,1708.05,1705.23,1708.93,1709.41,1712.56,1709.17,1713.82,1715.04,1713.09,1714.53,1715.69,1716.35,1720.45,1718.95
02.06.2026 11:22:22,1789.55,1787.53,1786.61,1789.09,1785.79,1783.82,1785.83,1785.06,1784.41,1784.44,1783.87,1779.59,1783.41,1781.65,1781.7,1781.29,1780.18,1776.41,1781.56,1779.42,1779.16,1779.61,1777.95,1774.43,1777.53,1777.72,1775.07,1776.38,1774.82,1771.57,1769.7,1772.66,1769.04,1770.74,1767.75,1770.88,1764.48,1766.8,1762.9,1758.65,1758.92,1760.73,1758.14,1758.57,1753.27,1750.4,1752.94,1750.37,1746.64,1744.45,1742.04,1738.33,1739.23,1731.98,1733.07,1726.39,1720.39,1717.4,1715.43,1710.59,1707.82,1703.5,1698.27,1694.97,1696.77,1690.04,1686.54,1685.38,1682.96,1677.89,1675.27,1673.82,1670.2,1670.8,1670.68,1666.67,1666.88,1666.46,1665.66,1661.77,1660.09,1659.95,1660.41,1657.47,1660.24,1659.9,1656.21,1653.64,1655.59,1655.43,1652.7,1655.31,1653.39,1655.42,1653.22,1652.51,1651.43,1652.76,1648.97,1651.94,1650.58,1652.52,1653.45,1652.7,1652.48,1652.45,1650.13,1654.56,1650.79,1653.04,1649.67,1650.33,1652.41,1652.28,1653.86,1653.14,1656.01,1652.92,1651.15,1656.33,1658,1657.35,1654.32,1655.18,1655.14,1654.83,1656.1,1657.63,1657.66,1657.65,1660.39,1657.68,1663.06,1661,1663.02,1663.98,1662.05,1661.4,1663.16,1665.58,1663.87,1663.6,1662.43,1666.09,1662.91,1668.62,1669.84,1667.34,1669.33,1673.13,1668.92,1674.2,1675.88,1672.3,1678.67,1679.07,1677.14,1679.99,1682.31,1682.74,1680.73,1681.55,1683.12,1682.58,1683.92,1683.65,1686.17,1686.95,1689.71,1690.62,1688.99,1692.08,1692.67,1692.06,1696.83,1694.79,1697.09,1700.9,1696.4,1700.56,1697.07,1701.01,1704.15,1702.15,1702.82,1706.38,1706.53,1708.15,1710.21,1710.03,1712.45,1713.5,1714.73,1714.93,1713.75,1716.41,1716.95,1713.95,1716.44,1719.38,1717.71
02.06.2026 11:22:23,1786.18,1789.33,1788.1,1784.91,1786.5,1784.45,1783.18,1781.55,1784.75,1783.1,1781.69,1782.23,1785.13,1777.91,1779.53,1777.21,1781.54,1778.61,1780.13,1778.73,1777.89,1775.94,1778.15,1778.64,1776.66,1773.22,1779.3,1771.29,1774.85,1772.65,1773.44,1771.64,1769.97,1769.57,1771.13,1767.06,1768.47,1769.43,1763.66,1765.04,1762,1759.53,1757.49,1756.67,1753.53,1753.46,1750.37,1750.75,1747.84,1743.32,1744.81,1739.25,1736.73,1734.47,1730.52,1725.84,1725.91,1717.45,1715.71,1713.05,1707.42,1702.45,1701.79,1696.53,1689.8,1691.91,1688.34,1681.99,1684.4,1680.88,1675.46,1675.22,1671.76,1667.33,1670.23,1667.75,1665.26,1665.19,1662.74,1661.27,1660.81,1660.74,1658.62,1659.79,1658.09,1660.08,1658.62,1656.13,1651.34,1654.16,1652.84,1651.49,1652.36,1653.3,1652.65,1651.09,1651.69,1650.87,1651.43,1651.37,1652.7,1652.56,1652.87,1653.45,1648.83,1650.95,1653.66,1650.02,1651.68,1653.93,1652.05,1653.03,1652.69,1652.57,1652.66,1652.28,1652.82,1653.76,1655.92,1655.42,1656.35,1656.54,1657.73,1658.36,1656.5,1657.36,1653.58,1657.63,1657.69,1658.38,1658.34,1659.48,1664,1659.42,1661.2,1663.07,1664.13,1663.98,1666.75,1666.1,1665.68,1664.69,1665.7,1666.34,1666.71,1665.37,1669.09,1667.32,1670.99,1670.02,1671.45,1674.78,1671.98,1671.78,1676.96,1672.6,1677.49,1675.47,1678.95,1680.83,1681.89,1680.65,1682.48,1682.34,1686.6,1687.4,1686.44,1689.01,1689.12,1691.39,1692.51,1691.64,1691.75,1694.39,1695.45,1695.05,1699.34,1701.51,1701.4,1701.83,1700.3,1702.22,1704.65,1706.97,1704.36,1705.75,1705.74,1708.12,1708.6,1708,1710.02,1708.64,1709.67,1711.68,1714.86,1713.17,1715.5,1715.11,1715.09,1716.11,1718.56
02.06.2026 11:22:24,1789.97,1787.51,1789.83,1783.71,1788.13,1789.29,1782.4,1780.94,1783.84,1781.52,1784.49,1783.48,1782.48,1779.31,1781.94,1779.93,1782.24,1781.54,1782.54,1776.98,1780.33,1773.12,1773.29,1773.96,1774.49,1778.77,1775.35,1779.17,1773.3,1774.43,1771.99,1772.25,1770.53,1770.05,1768.35,1766.83,1764.98,1765.14,1764.77,1764.44,1763.15,1759.16,1757.51,1755.02,1754.32,1753.15,1750.57,1748.23,1751.54,1743.31,1741.67,1734.91,1734.03,1734.01,1728.4,1725.36,1721.96,1718.34,1713.91,1712.5,1710.31,1704.63,1700.26,1698.91,1695.75,1691.06,1688.35,1682.6,1680.62,1675.62,1674.03,1676.68,1671.54,1674.48,1667.59,1669.02,1665,1666.61,1662.12,1660.72,1661.42,1659.18,1659.08,1657.53,1658.18,1651.9,1655.13,1655.37,1656.46,1654.28,1651.72,1652.3,1651.96,1653.69,1653.3,1649.73,1649.68,1651.99,1649.95,1654.07,1654.16,1653.22,1648.75,1650.03,1649.84,1650.2,1650.39,1653.07,1651.19,1654.35,1654.55,1653.85,1650.72,1653.53,1652.24,1654.75,1653.53,1653.83,1653.53,1655.28,1651.94,1655.92,1654.25,1657.24,1657.2,1659.51,1655.64,1660.34,1656.91,1658.75,1660.74,1658.68,1659.84,1662.52,1660.75,1662.13,1661.76,1661.58,1663.88,1660.82,1663.98,1662.27,1664.21,1666.76,1664.74,1666.95,1669.29,1668.24,1668.59,1672.28,1674.34,1672,1671.4,1674.92,1673.47,1676.91,1676.32,1675.35,1675.93,1677.47,1679.66,1681.55,1684.2,1686.51,1683.03,1684.7,1687.37,1686.89,1688.74,1690.78,1691.62,1689.9,1690.66,1694.54,1695.71,1699.42,1694.75,1698.17,1700.02,1698.36,1700.93,1701.44,1701.64,1704.55,1704.93,1707.69,1705.21,1710.8,1707.72,1710.28,1709.84,1709.87,1713.8,1710.99,1714.08,1715.37,1712.34,1713.83,1716.86,1718.47,1715.81
02.06.2026 11:22:25,1787.85,1783.85,1784.8,1784.95,1786.38,1787.55,1785.92,1782.94,1786.09,1781.5,1783.78,1781.89,1780.04,1780.76,1781.1,1780.6,1778.2,1781.7,1780.31,1776.11,1780.11,1778.46,1780.02,1778.2,1774.73,1776.31,1774.12,1772.63,1771.33,1774.76,1772.33,1768.78,1770.64,1768.33,1768.51,1769.1,1766.98,1766.97,1766.99,1762.14,1761.9,1760.85,1758.89,1758.84,1754.62,1751.98,1748.68,1749.71,1746.85,1744.35,1742.49,1735.74,1736.51,1730.98,1727.5,1724.85,1722.63,1715.95,1715.21,1714.35,1706.9,1703.46,1698.68,1695.72,1695.75,1688.02,1686.38,1683.1,1679.15,1677.37,1675.13,1675.31,1672.83,1671.12,1670.26,1666.63,1666.33,1662.33,1662.89,1663.54,1658.58,1656.26,1659.91,1658.51,1655.46,1657.15,1654.75,1657.74,1651.35,1654.75,1653.66,1653.82,1651.02,1650.07,1651.69,1651.16,1653.84,1650.43,1650.24,1651.81,1649.92,1651.54,1652.8,1648.07,1652.13,1651.68,1649.6,1650.96,1652.73,1651.25,1652.31,1650.59,1652.76,1653.42,1652.66,1653.9,1655.84,1650.32,1652.51,1655.27,1653.79,1655.3,1655.66,1658.69,1653.94,1655.77,1655.1,1655.82,1657.91,1654.39,1657.14,1655.67,1660.03,1661.64,1660.18,1660.86,1660.89,1663.95,1662.21,1664.39,1663.28,1667.28,1668.62,1665.94,1664.82,1666.62,1666.5,1667.98,1668.47,1670.9,1670.88,1670.53,1674.55,1671.28,1672.23,1674.45,1673.71,1676.74,1676.66,1679.01,1683.13,1680.25,1684.64,1683.84,1682.94,1682.56,1682.4,1684.94,1685.7,1691.55,1687.64,1688.66,1693.11,1693.79,1696.21,1696.23,1695.78,1697.88,1698.64,1694.98,1701.7,1701.44,1703,1699.73,1704.2,1706.61,1703.38,1709.54,1707.1,1706.87,1708.21,1711.55,1712.65,1711.32,1713.22,1712.41,1713.42,1714.3,1717.74,1719.02,1718.01
02.06.2026 11:22:26,1784.82,1787.69,1786.12,1786.58,1785.9,1784.84,1783.45,1785.6,1787.26,1785.39,1784.4,1783.44,1781.73,1781.68,1778.35,1779.91,1781.44,1779.05,1783.29,1774.6,1777.57,1775.25,1775.15,1775.97,1776.34,1775.79,1775.65,1771.6,1769.19,1773.25,1772.07,1776.39,1769.11,1771.26,1765.44,1768.25,1763.51,1763.23,1764.78,1761.81,1761.21,1758.54,1757.18,1755.76,1754.88,1752.65,1748.6,1746.59,1747.34,1744.34,1738.44,1739.42,1734.11,1731.8,1732.22,1726.01,1719.37,1717.22,1715.23,1713.65,1706.1,1703.96,1701.9,1697.86,1691.69,1688.21,1687.24,1682.6,1677.8,1677.43,1675.7,1673.31,1673.3,1667.61,1668.95,1666.59,1663.22,1666.37,1664.55,1663.12,1660.1,1658.65,1658.7,1656.23,1654.76,1655.33,1655.17,1652.92,1657.04,1654.26,1654.32,1651.95,1653.49,1653.25,1652.21,1650.17,1650.83,1652.96,1656.01,1651.92,1652.26,1650.69,1652.68,1654.16,1651.56,1652.78,1651.19,1651.23,1652.88,1650.57,1649.67,1650.77,1655.9,1652.75,1653.82,1650.28,1654.03,1656.16,1650.44,1655.43,1653.57,1653.92,1652.77,1654.61,1660.29,1653.22,1652.57,1654.91,1657.28,1657.41,1656.64,1659.82,1660.13,1660.1,1659.55,1659.09,1658.93,1663.55,1661.27,1664.87,1659.47,1667.34,1663.68,1664.97,1666.14,1665.79,1667.25,1669.23,1669.01,1672,1667.48,1668.92,1671.22,1671.88,1670.05,1672.64,1674.35,1674.27,1675.58,1679.76,1678.83,1681.11,1683.48,1684.43,1684.01,1687.12,1687.55,1687.45,1691.59,1687.45,1690.29,1690.53,1691.92,1690.96,1692.24,1696.13,1696.13,1697.22,1696.71,1697.96,1702.41,1702.99,1701.99,1702.57,1702.76,1705.17,1705.52,1705.29,1708.26,1707.56,1710.26,1710.95,1713.38,1707.31,1712.88,1716.17,1713.22,1716.6,1715.11,1718.35,1717.87
02.06.2026 11:22:27,1787.04,1787.14,1785.44,1784.91,1786.41,1785.02,1787.1,1782.73,1782.59,1784.72,1784.22,1778.54,1785.14,1780.08,1778.64,1778.58,1779.08,1777.68,1779.13,1779.71,1778.88,1776,1776.87,1777.36,1777.91,1775.05,1775.68,1775.07,1774.45,1773.16,1770.27,1769.64,1768.96,1770.33,1766.44,1768.75,1768.01,1767.52,1764.89,1760.59,1760.02,1758.92,1756.57,1754.69,1754.37,1752.11,1748.77,1751.53,1744.38,1745.22,1742.25,1738.3,1735.7,1732.09,1728.45,1725.4,1720.69,1722.27,1712.09,1712.28,1706.55,1702.53,1699.91,1698.84,1696.18,1689.53,1688.5,1686.31,1679.66,1676.56,1679.31,1671.22,1674.39,1669.06,1666.43,1661.05,1663.88,1661.15,1662.89,1658.27,1657.27,1658.06,1659.68,1657.11,1656.28,1654.48,1653.33,1654.02,1653.83,1654.78,1652.84,1652.26,1653.41,1652.24,1653.75,1650.6,1653.7,1653.17,1648.91,1649.21,1649.64,1651.25,1652.75,1652.35,1650.46,1651.24,1655.09,1654.29,1651.64,1653.43,1647.85,1650.53,1648.5,1650.13,1652.19,1648.61,1654.05,1654.35,1654.9,1652.46,1657.58,1652.64,1654.55,1656.29,1656.58,1657.27,1658.61,1657.23,1653.17,1660.74,1660.42,1663.54,1656.6,1657.85,1665.38,1660.13,1661.78,1663.87,1662.78,1662.41,1665.53,1665.44,1661.12,1666.96,1669.44,1669.53,1667.51,1666.23,1670.98,1669.61,1670.38,1673.01,1673.04,1672.31,1676.76,1676.49,1676.84,1678.67,1679.48,1679.7,1683.8,1685.29,1682.18,1681.68,1683.52,1685.77,1687.33,1686,1687.16,1688.44,1687.28,1692.22,1690.06,1692.92,1693.65,1698.87,1697.26,1698,1696.65,1699.22,1703.06,1702.75,1702.4,1699.92,1702.74,1707.52,1704.43,1709.19,1708.7,1709.74,1711.55,1709.29,1710.02,1714.1,1712.79,1713.96,1715.14,1714.7,1715.58,1716.13,1718.63
02.06.2026 11:22:29,1785.5,1785.81,1784.91,1788.28,1783.93,1785.34,1784.47,1785.43,1782.42,1779.73,1782.16,1783.84,1784.51,1783.72,1779.22,1779.73,1780.94,1779.76,1775.38,1781.27,1778.74,1778.89,1775.7,1775.14,1772.65,1773.76,1776.18,1774.72,1773.99,1774.17,1774.17,1769.08,1769.55,1769.05,1768.01,1768.83,1767.44,1766.32,1760.32,1763.14,1759.91,1761.06,1759.26,1758.64,1753.01,1752.5,1751.62,1751.91,1746.93,1743.21,1742.92,1738.88,1732.81,1732.74,1729.81,1724.09,1722.81,1718.06,1713.99,1710.29,1710.2,1702.7,1701.26,1699.4,1692.24,1688.41,1687.58,1684.32,1680.8,1679.36,1674.32,1672.78,1669.12,1672.67,1666.57,1669.89,1664.25,1664.73,1663.05,1664.19,1663.44,1662.84,1660.84,1657.98,1656.95,1654.72,1657.08,1652.79,1656.04,1659.31,1656.71,1653.97,1651.15,1655.3,1653.51,1650.37,1650.82,1654.99,1653.39,1652.16,1652.38,1654.4,1654.62,1651.94,1651.61,1654.13,1653.98,1653.25,1653.62,1656.04,1652.21,1652.34,1652.22,1653.11,1652.17,1656.6,1657.58,1656.44,1655.88,1656.12,1657.54,1658.05,1658.51,1655.43,1661.09,1658.46,1659.6,1658.23,1661.07,1658.58,1659.96,1661.95,1664.76,1662.86,1662.99,1661.53,1665.31,1662.78,1667.69,1664.22,1665.33,1666.28,1668.48,1668.47,1669.37,1669.79,1668.83,1670.34,1674.16,1675.29,1670.05,1673.63,1675.71,1675.37,1673.92,1675.3,1677.64,1677.07,1682.58,1681.58,1682.24,1679.2,1685.28,1684.58,1687.71,1688.04,1689.29,1687.89,1688.72,1693.97,1691.85,1690.44,1694.5,1695.97,1696.49,1698.07,1698.98,1699.71,1700.3,1699.02,1704.94,1704.36,1703.89,1703.78,1706.63,1707.2,1706.79,1707.72,1709.5,1710.15,1713.68,1713.82,1714.43,1716.29,1718.92,1719.01,1714.1,1717.71,1719.63,1721.4,1718.4
02.06.2026 11:22:30,1785.9,1787.06,1790.89,1790.14,1788.21,1786.91,1787.93,1788.47,1787.83,1785.09,1782.43,1783.37,1781.62,1784.58,1782.59,1780.44,1778.88,1781.83,1781.84,1777.82,1778.91,1778.96,1779.68,1779.01,1779.36,1778.96,1774.11,1774.23,1773.89,1776.35,1772.71,1775.03,1768.77,1773.01,1770.05,1767.7,1765.69,1760.86,1763.85,1764.08,1761.32,1762.71,1758.05,1760.2,1756.94,1755.11,1753.33,1751.24,1748.3,1744.66,1743.29,1738.13,1736.35,1735.44,1731.92,1726.47,1722.85,1720.18,1717.94,1711.82,1708.4,1706.83,1704.39,1698.38,1695.05,1693.84,1688.62,1682.24,1683.96,1676.33,1680.29,1675.9,1675.51,1670.96,1669.36,1668.63,1667.1,1663.58,1663.99,1663.81,1660.09,1663.45,1660.85,1655.47,1658.91,1657.79,1656.64,1658.46,1657.43,1655.93,1655.74,1655.73,1648.56,1654.65,1653.08,1652.1,1656.05,1654.47,1651.34,1655.23,1651.07,1651.39,1651.2,1650.59,1653.01,1653.13,1651.05,1653.25,1656.22,1654.86,1650.21,1652.67,1655.49,1652.92,1654.35,1654.69,1655.55,1651.62,1656.76,1655.43,1655.91,1652.36,1657.7,1657.6,1655.41,1658.94,1661.6,1657.4,1659.63,1657.85,1661.28,1662.6,1662.4,1663.3,1663.1,1663.62,1664.46,1662.57,1666.58,1665.52,1668.11,1665.59,1669.02,1668.49,1668.86,1666.48,1664.87,1675.51,1670.72,1673.55,1675.52,1671.79,1677.97,1672.83,1681.34,1675.71,1678.15,1680.3,1676.1,1679.82,1681.78,1680.91,1682.89,1683.62,1684.88,1687.1,1686.62,1688.22,1688.85,1693.75,1690.49,1692.77,1693.93,1696.42,1694.56,1700.45,1696.77,1700.28,1701.82,1698.52,1700.82,1702.99,1703.39,1706.94,1706.43,1707.57,1713.89,1712.95,1709.44,1711.43,1712.15,1710.5,1713.77,1717.48,1714.27,1715.93,1712.64,1716.08,1719.83,1715.66,1718.41
02.06.2026 11:22:31,1789.76,1789.71,1789.09,1789.62,1788.27,1789.3,1787.65,1786.41,1785.92,1788.32,1782.04,1785.08,1785.59,1782.65,1782.33,1782.54,1785.78,1781.61,1780.89,1778.92,1776.56,1782.17,1778.51,1777.21,1775.83,1779.2,1777.95,1777.48,1777.12,1776.78,1776.01,1774.89,1774.63,1775.85,1769.95,1765.51,1770.7,1768.02,1765.57,1766.13,1761.53,1765.11,1758.39,1756.53,1756.55,1755.99,1754.2,1750.57,1745.9,1742.63,1743.63,1739.57,1738.33,1733.76,1731.06,1727.09,1722.95,1718.6,1717.61,1714.15,1707.94,1704.82,1701.23,1695.51,1694.67,1690.52,1688.64,1686.08,1687,1678.99,1677.34,1673.24,1676.19,1669.57,1671.77,1666.32,1666.4,1665.82,1660.76,1664.31,1660.35,1659.75,1659.88,1654.89,1655.63,1654.74,1654.53,1653.63,1656.2,1655.29,1654.78,1655.24,1655.25,1652.58,1650.74,1653.22,1652.37,1654.5,1653.46,1652.62,1653.36,1653.77,1652.53,1654.19,1652.85,1652.18,1656.36,1654.43,1654.63,1650.37,1654.06,1654.51,1653.71,1654.91,1655.86,1654.93,1655.35,1657.3,1653.05,1656.42,1655.93,1657.39,1654.67,1657.68,1658.36,1653.95,1659.9,1660.47,1661.18,1659.73,1660.84,1662.81,1661.07,1661.29,1661.77,1664.17,1666.19,1665.04,1666.89,1666.51,1666.14,1665.79,1665.98,1668.73,1671.18,1666.76,1668.46,1670.47,1670,1668.52,1672.85,1673.72,1673.26,1672.79,1674.19,1675.82,1675.94,1678.93,1681.83,1681.52,1683.31,1684.74,1682.63,1684.66,1688.25,1687.74,1690.31,1686.08,1688.77,1690.61,1690.29,1694.25,1692.9,1695.07,1699.12,1698.47,1699.03,1700.5,1700.24,1701.89,1702.08,1704.34,1705.5,1705.42,1706.24,1708.08,1705,1708.31,1712.03,1714.6,1712.71,1709.82,1711.76,1709.29,1717.34,1717.9,1713.33,1714.31,1716.78,1714.37,1721.49
02.06.2026 11:22:32,1791.74,1787.4,1783.76,1788.33,1786.91,1786.15,1788.8,1790.11,1785.19,1785.73,1784.91,1786.55,1781.61,1782.76,1785.38,1783.34,1783.26,1779.31,1781.16,1777.93,1779.83,1775.56,1781.73,1778.17,1779.86,1775.74,1779.29,1779.4,1775.3,1774.76,1773.39,1771.51,1775,1768.39,1767.13,1766.41,1768.97,1764.44,1766.3,1763.68,1762.33,1759.19,1757.93,1758.1,1758.7,1755.07,1752.65,1749.99,1748.67,1743.9,1740.91,1741.74,1737.06,1735.62,1731.6,1726.87,1726.53,1721.53,1716.53,1715.63,1709.28,1706.6,1702.31,1699.49,1693.83,1691.63,1687.32,1686.6,1681.91,1679.89,1680.77,1676.27,1678.7,1670.29,1671.16,1668.58,1665,1664.57,1664.48,1664.89,1661.61,1660.91,1659.46,1658.59,1660.83,1657.8,1659.45,1655.99,1655.26,1653.46,1656.54,1652.7,1651.81,1654.62,1652.29,1652.51,1651.62,1654.45,1654.56,1651.95,1652.77,1654.91,1655.01,1651.24,1654.3,1653.84,1653.04,1651.41,1653.95,1652.41,1654.35,1655.05,1654.51,1652.49,1655.95,1655.31,1654.62,1654.24,1654.85,1656.54,1658.23,1657.56,1656.23,1656.89,1656.61,1656.35,1657.88,1658.64,1661.32,1656.32,1660.21,1660.34,1660.76,1663.54,1661.55,1659.87,1662.28,1666.23,1665.77,1663.69,1665.86,1664.09,1668.01,1669.4,1666.68,1671.03,1669.59,1669.27,1670.61,1670.39,1671.93,1674.16,1675.45,1674.5,1677.38,1677.95,1676.89,1679.32,1679.72,1679.36,1683.35,1682.32,1683.08,1684.44,1685.34,1691.52,1685.61,1689.81,1690.07,1693.82,1692.79,1691.86,1693.65,1695.47,1697.71,1696.46,1700.1,1700.95,1700.54,1700.07,1702.9,1701.3,1704.74,1704.2,1710.03,1709.8,1703.39,1710.43,1709.22,1709.73,1709.54,1715.87,1714.03,1717.11,1714.54,1718.54,1719.22,1716.04,1718.38,1719.2,1716.77
02.06.2026 11:22:33,1788.17,1787.96,1784.58,1789.25,1788.04,1788.73,1788.97,1786.03,1786.77,1785.02,1784.98,1787.87,1783.79,1784.67,1784.83,1780.88,1781.79,1776.63,1782.13,1779.55,1780.61,1778.39,1776.82,1778.08,1778,1779.95,1775.72,1776.49,1776.66,1773.72,1771.91,1776.9,1770.79,1770.26,1769.08,1772.32,1766.02,1766.08,1766.14,1766.66,1762.51,1761.95,1758.66,1759.18,1757.59,1756.01,1751.88,1749.43,1748.44,1745.12,1742.12,1741.93,1737.28,1730.42,1727.97,1725.68,1725.23,1719.36,1717.2,1711.89,1709.98,1704.27,1702.55,1698.08,1697.92,1694.63,1689.82,1686.7,1683.31,1683.8,1676.27,1675.2,1670.68,1675.93,1670.69,1669.03,1664.99,1663.92,1663.77,1660.47,1663.27,1660.93,1659.7,1659.18,1656.64,1658.33,1657.87,1657.11,1656.62,1655.09,1655.81,1656.42,1655.07,1654.86,1654.44,1653.77,1652.5,1654.12,1653.58,1648.61,1652.99,1652.57,1651.67,1649.83,1653.19,1653.09,1649.18,1651.3,1650.28,1653.87,1653.34,1653.69,1655.83,1652.5,1655.58,1654.14,1655.83,1656.67,1651.55,1653.86,1657.33,1658.86,1658.81,1656.37,1660.3,1658.49,1658.92,1660.41,1658.66,1659.97,1663.15,1660.99,1663.89,1661.69,1662.46,1662.2,1662.36,1664.29,1665.34,1667.2,1664.56,1668.47,1666.49,1670.04,1669.78,1668.19,1670.41,1670.16,1669.85,1674.24,1673.88,1672.77,1674.74,1674.72,1672.61,1678.64,1676.86,1679.3,1679.2,1681.07,1681.26,1683.66,1681.52,1685.49,1689.11,1686.42,1685.42,1690.15,1692.93,1689.5,1693.87,1694.05,1691.48,1699.83,1694.74,1695.82,1696.35,1699.55,1700.35,1699.9,1706.16,1705.78,1700.9,1704,1708.4,1708.68,1708.36,1713.45,1710.44,1714.25,1713.02,1712.49,1714.26,1714.27,1711.04,1719.51,1716.06,1719.42,1721,1717.49,1719.62
